id,Event URL,Beedier Event ID
1,https://www.architecture.com/whats-on/riba-at-index-dubai-2025,13055
2,https://www.architecture.com/whats-on/design-quest-house-of-fun-may-2025,13039
3,https://www.architecture.com/whats-on/riba-yorkshireleeds-society-of-architects-yep-building-tour-11-12-wellington-place,13053
4,https://www.architecture.com/whats-on/riba-sussex-brighton-college-building-tour-may-2025,13047
5,https://www.architecture.com/whats-on/riba-ne-sustainability-avoiding-the-greenwash,13052
6,https://www.architecture.com/whats-on/skill-up-pavilion-park,13063
7,https://www.architecture.com/whats-on/riba-north-east-awards-2025-celebration,13038
8,https://www.architecture.com/whats-on/design-time-reasons-to-refurbish,13045
9,https://www.architecture.com/whats-on/riba-charles-jencks-award-2025-lecture-with-daar,13051
10,https://www.architecture.com/whats-on/family-fun-day-architecture-on-the-move,13060
11,https://www.architecture.com/whats-on/bsl-tour-of-difficult-sites-architecture-against-the-odds-exhibition,13059
12,https://www.architecture.com/whats-on/threading-the-needle-architecture-of-care,13065
13,https://www.architecture.com/whats-on/riba-spring-economics-panel-managing-global-uncertainty,13068
14,https://www.architecture.com/whats-on/threading-the-needle-stitching-time,13050
15,https://www.architecture.com/whats-on/exploring-architecture-beyond-the-buildings,13058
16,https://www.architecture.com/whats-on/riba-learning-london-festival-of-architecture,13049
17,https://www.architecture.com/whats-on/riba-liverpool-biennial-artist-talk-elizabeth-price,13061
18,https://www.architecture.com/whats-on/south-conservation-group-oxford-brookes-university-future-architects-presentations,13069
19,https://www.architecture.com/whats-on/riba-sussex-and-ece-architecture-a-piece-of-their-mind-with-adelina-fasan,13042
20,https://www.architecture.com/whats-on/east-london-summer-social-2025,13043
21,https://www.architecture.com/whats-on/riba-baby-at-riba-north,13054
22,https://www.architecture.com/whats-on/riba-north-stitching-time-the-beginning-of-the-work,13048
23,https://www.architecture.com/whats-on/riba-south-conservation-group-st-peters-and-st-pauls-blandford-forum-conservation-conservation,13046
24,https://www.architecture.com/whats-on/riba-suffolk-riba-suffolk-willis-building-tour-june-2025,13040
25,https://www.architecture.com/whats-on/riba-east-exploring-lutons-hat-district-with-coworking-day,13044
26,https://www.architecture.com/whats-on/riba-yorkshire-texture-in-architecture-june-2025,13036
27,https://www.architecture.com/whats-on/riba-hong-kong-the-henderson-building-tour,13057
28,https://www.architecture.com/whats-on/riba-hong-kong-members-summer-happy-hour-drinks,13037
29,https://www.architecture.com/whats-on/celebrating-our-voice-walking-womens-history,13062
30,https://www.architecture.com/whats-on/riba-se-sustainability-group-purpose-driven-practice-the-ongoing-bcorp-journey,13035
31,https://www.architecture.com/whats-on/rsaw-summer-conference-2025,13067
32,https://www.architecture.com/whats-on/nerdworking-solus-tiles-26-june-2025,13064
33,https://www.architecture.com/whats-on/homebuilding-and-renovating-show-2025-surrey,13056
34,https://www.architecture.com/whats-on/riba-studio-courses-open-session-july-2025,13066
35,https://www.architecture.com/whats-on/ribavitra-building-empathy-collecting-narratives-for-the-future,13041
36,https://nla.london/events/skills-for-places-how-section-106-can-shape-careers,13078
37,https://nla.london/events/study-tour-greycoat-stores,13076
38,https://nla.london/events/repurposing-retail-the-return-of-high-streets,13086
39,https://nla.london/events/the-london-model-talk-3,13091
40,https://nla.london/events/london-festival-of-architecture-2025-opening-party-1,13073
41,https://nla.london/events/slavery-in-the-city-walking-tour,13070
42,https://nla.london/events/nextgen-networking-21,13072
43,https://nla.london/events/ai-for-adaptation-can-ai-help-us-cope-with-climate-change,13087
44,https://nla.london/events/study-tour-the-warburg-institute,13075
45,https://nla.london/events/londons-south-asian-history-in-seven-sites-bsl-interpreted,13084
47,https://nla.london/events/study-tour-eastbrook-studios,13071
48,https://nla.london/events/battersea-power-station-and-nine-elms-walking-tour,13085
49,https://nla.london/events/delivering-density-inner-or-outer-london,13090
50,https://nla.london/events/pedestrian-friendly-london-paving-the-way-to-healthier-streets,13094
52,https://nla.london/events/finding-your-place-skills-for-the-built-environment,13097
53,https://nla.london/events/the-home-reinvented-powered-by-pechakucha,13089
54,https://nla.london/events/diverse-leaders-networking-skills-sharing,13098
56,https://nla.london/events/soho-queer-history-walking-tour,13096
57,https://nla.london/events/green-skills-for-londons-future,13074
58,https://nla.london/events/the-art-of-designing-safe-spaces-the-inclusive-safety-toolkit,13080
59,https://nla.london/events/citigen-heating-and-cooling-network,13105
60,https://nla.london/events/greening-london-boosting-urban-biodiversity,13081
62,https://nla.london/events/on-the-street,13101
63,https://nla.london/events/queer-nightcrawl-through-the-city-model-talk,13103
65,https://nla.london/events/sylon-tackling-the-housing-crisis-in-sydney-and-london,13095
67,https://nla.london/events/the-murray-lecture-finn-williams,13099
68,https://nla.london/events/kings-cross-st-pancras-walking-tour,13088
70,https://nla.london/events/nylon-tower-retrofit-approaches-to-reuse-in-london-and-new-york,13079
72,https://nla.london/events/secret-gardens-of-the-city-walking-tour,13077
73,https://nla.london/events/the-legacy-of-the-great-plague-model-talk,13082
75,https://nla.london/events/a-digital-future-how-technology-is-reshaping-built-environment-careers,13104
77,https://nla.london/events/the-city-walking-tour,13092
82,https://nla.london/events/canary-wharf-walking-tour,13083
83,https://nla.london/events/workplace-summit-2025,13093
87,https://nla.london/events/tall-buildings-walking-tour,13100
90,https://nla.london/events/bankside-and-the-low-line-walking-tour,13106
94,https://nla.london/events/brixton-black-history-walking-tour-2,13102
96,https://nla.london/events/battersea-power-station-and-nine-elms-walking-tour-1,13107
101,https://nla.london/events/kings-cross-st-pancras-walking-tour-2,13108
104,https://www.bco.org.uk/product/bco-nextgen-london-se-lets-talk-about-hospitality,13118
105,https://www.bco.org.uk/product/south-of-england-and-south-wales-awards-2025,13114
106,https://www.bco.org.uk/product/bco-nextgen-london-se-woolgate-talk-tour,13110
107,https://www.bco.org.uk/product/bco-south-west-pre-conference-social,13124
108,https://www.bco.org.uk/product/midlands-and-central-england-awards-lunch-2025,13119
109,https://www.bco.org.uk/product/bco-east-anglia-talk-tour-316-cambridge-science-park,13128
110,https://www.bco.org.uk/product/bco-london-talk-tour-norton-folgate,13127
111,https://www.bco.org.uk/product/bco-nextgen-london-se-q1-market-update-webinar,13129
112,https://www.bco.org.uk/product/bco-nextgen-north-talk-tour-citylabs-4-0,13109
113,https://www.bco.org.uk/product/bco-nextgen-london-pre-conference-social-2,13117
114,https://www.bco.org.uk/product/scottish-awards-lunch-2025,13115
115,https://www.bco.org.uk/product/bco-nextgen-london-yoga-breakfast-edenica,13126
116,https://www.bco.org.uk/product/bco-south-west-seminar-inclusive-design-for-the-workplace,13122
117,https://www.bco.org.uk/product/bco-nextgen-scotland-x-bpf-futures-glasgow-a-city-in-the-making,13111
118,https://www.bco.org.uk/product/bco-bitesize-tour-1-colmore-row,13113
119,https://www.bco.org.uk/product/bco-nextgen-london-tbc-london-talk-tour,13121
120,https://www.bco.org.uk/product/bco-nextgen-scotland-lets-talk-about-acoustics-designing-for-focus-wellness-inclusion,13125
121,https://www.bco.org.uk/product/bco-south-west-talk-tour-inventa,13133
122,https://www.bco.org.uk/product/bco-south-west-seminar-from-waste-to-value-how-circularity-is-reshaping-real-estate-and-construction,13123
123,https://www.bco.org.uk/product/bco-east-anglia-seminar-uk-net-zero-carbon-building-standard-lunch-learn,13112
124,https://www.bco.org.uk/product/bco-london-talk-tour-myo-st-pauls,13136
125,https://www.bco.org.uk/product/bco-nextgen-north-talk-tour-overbury-manchester,13120
126,https://www.bco.org.uk/product/bco-north-talk-tour-plot-9a,13138
127,https://www.bco.org.uk/product/bco-scotland-talk-tour-into-the-beyond-ai-the-final-frontier,13137
128,https://www.bco.org.uk/product/bco-south-west-talk-tour-crescent-and-the-nzc-building-standard,13135
129,https://www.bco.org.uk/product/bco-nextgen-scotland-bitesize-tour-cundall-edinburgh,13134
130,https://www.bco.org.uk/product/bco-east-anglia-talk-tour-ttp-campus,13131
131,https://www.bco.org.uk/product/bco-nextgen-london-hiit-breakfast-100-wood-street-2,13130
132,https://www.bco.org.uk/product/bco-nextgen-london-yoga-breakfast-100-wood-street-2,13132
133,https://www.bco.org.uk/product/bco-south-west-talk-tour-queens-quay,13116
134,https://www.eventbrite.com/e/progress-in-solar-architecture-a-half-day-event-tickets-1318662658509?aff=ebdssbdestsearch,13147
135,https://www.eventbrite.co.uk/e/a-piece-of-their-mind-with-adelina-fasan-tickets-1343718270519?aff=ebdssbdestsearch,13155
136,https://www.eventbrite.co.uk/e/rsaw-summer-conference-2025-tickets-1309850832099?aff=ebdssbdestsearch,13156
137,https://www.eventbrite.co.uk/e/immersive-regency-design-experience-tickets-1228057576269?aff=ebdssbdestsearch,13154
138,https://www.eventbrite.co.uk/e/be-the-change-you-want-to-see-tickets-1299199072399?aff=ebdssbdestsearch,13140
139,https://www.eventbrite.co.uk/e/design-construction-speed-networking-tickets-1354914769549?aff=ebdssbdestsearch,13150
140,https://www.eventbrite.co.uk/e/meet-your-construction-partners-vip-event-tickets-811282687357?aff=ebdssbdestsearch,13159
141,https://www.eventbrite.co.uk/e/the-baa-built-environment-dinner-tickets-1273598008929?aff=ebdssbdestsearch,13146
142,https://www.eventbrite.co.uk/e/reverse-mentoring-rethinking-architecture-tickets-1364001558379?aff=ebdssbdestsearch,13158
143,https://www.eventbrite.com/e/the-bias-blueprint-redesigning-perception-reshaping-spaces-tickets-1311941796229?aff=ebdssbdestsearch,13149
144,https://www.eventbrite.com/e/how-to-make-buildings-fully-accessible-listen-respond-and-push-for-change-tickets-1335260372719?aff=ebdssbdestsearch,13141
145,https://www.eventbrite.co.uk/e/women-in-construction-sussex-summer-social-tickets-1347887330289?aff=ebdssbdestsearch,13152
146,https://www.eventbrite.co.uk/e/cyber-east-in-person-event-cambridge-tickets-1337669608809?aff=ebdssbdestsearch,13153
147,https://www.eventbrite.co.uk/e/sega-building-conversation-and-presentation-tickets-1311922608839?aff=ebdssbdestsearch,13142
148,https://www.eventbrite.co.uk/e/meet-the-architect-tickets-1368622289109?aff=ebdssbdestsearch,13148
149,https://www.eventbrite.co.uk/e/the-construction-hub-tuesday-3-june-2025-tickets-1284030562979?aff=ebdssbdestsearch,13178
150,https://www.eventbrite.com/e/integrated-nature-based-suds-masterclass-bristol-tickets-1097146256989?aff=ebdssbdestsearch,13166
151,https://www.eventbrite.co.uk/e/from-global-to-local-how-any-company-can-increase-their-csr-impact-tickets-1092388737119?aff=ebdssbdestsearch,13161
152,https://www.eventbrite.nl/e/the-city-at-eye-level-placemaking-training-field-trip-london-2025-eng-tickets-1309938414059?aff=ebdssbdestsearch,13157
153,https://www.eventbrite.co.uk/e/exemplar-sustainable-buildings-awards-tickets-1336467041899?aff=ebdssbdestsearch,13143
154,https://www.eventbrite.co.uk/e/community-carbon-connection-tickets-1358415420089?aff=ebdssbdestsearch,13188
155,https://www.eventbrite.co.uk/e/manchester-netwalk-1920s-manchester-tickets-1300476202329?aff=ebdssbdestsearch,13177
156,https://www.eventbrite.co.uk/e/eastpropawards-tickets-1202928183579?aff=ebdssbdestsearch,13163
157,https://www.eventbrite.co.uk/e/netwalking-ditchlings-creative-past-and-scenic-paths-tickets-1311798297019?aff=ebdssbdestsearch,13165
158,https://www.eventbrite.co.uk/e/mind-the-gap-tags-agm-symposium-party-tickets-1332951556989?aff=ebdssbdestsearch,13145
159,https://www.eventbrite.co.uk/e/council-housing-tickets-1345162038869?aff=ebdssbdestsearch,13167
160,https://www.eventbrite.co.uk/e/june-london-adtech-networking-reception-at-the-gherkin-make-adtech-links-tickets-1317145681189?aff=ebdssbdestsearch,13168
161,https://www.eventbrite.co.uk/e/city-of-london-hedge-funds-hnwi-networking-drinks-reception-at-the-gherkin-tickets-1292474298419?aff=ebdssbdestsearch,13172
162,https://www.eventbrite.co.uk/e/june-coder-programmers-networking-drinks-at-the-gherkin-tickets-1317137276049?aff=ebdssbdestsearch,13170
163,https://www.eventbrite.co.uk/e/regtechs-london-june-networking-reception-make-connections-at-the-gherkin-tickets-1316546890189?aff=ebdssbdestsearch,13181
164,https://www.eventbrite.co.uk/e/london-fintechs-june-2025-networking-make-connections-at-the-gherkin-tickets-1277472266939?aff=ebdssbdestsearch,13182
166,https://www.eventbrite.co.uk/e/city-of-london-hnwi-sector-june-networking-reception-at-the-gherkin-tickets-1276240241919?aff=ebdssbdestsearch,13184
167,https://www.eventbrite.co.uk/e/financial-london-walk-tickets-1223432111379?aff=ebdssbdestsearch,13164
168,https://www.eventbrite.co.uk/e/june-fintech-startup-networking-drinks-reception-at-the-famous-gherkin-tickets-1277479097369?aff=ebdssbdestsearch,13176
169,https://www.eventbrite.co.uk/e/private-equity-industry-city-of-london-networking-reception-at-the-gherkin-tickets-1276472386269?aff=ebdssbdestsearch,13139
170,https://www.eventbrite.co.uk/e/london-computing-connections-june-it-business-networking-tickets-1317133534859?aff=ebdssbdestsearch,13171
171,https://www.eventbrite.co.uk/e/london-fund-industry-june-fintech-sector-networking-at-the-gherkin-tickets-1317160294899?aff=ebdssbdestsearch,13193
172,https://www.eventbrite.co.uk/e/london-private-client-june-city-of-london-networking-at-the-gherkin-tickets-1276234073469?aff=ebdssbdestsearch,13151
173,https://www.eventbrite.co.uk/e/manchester-netwalk-ancoats-tickets-1332814075779?aff=ebdssbdestsearch,13160
174,https://www.eventbrite.co.uk/e/june-tax-networking-city-of-london-drinks-reception-at-the-gherkin-tickets-1316372408309?aff=ebdssbdestsearch,13185
175,https://www.eventbrite.co.uk/e/june-mayfair-property-dev-construction-sector-networking-breakfast-tickets-1276203130919?aff=ebdssbdestsearch,13144
176,https://www.eventbrite.co.uk/e/london-fund-industry-june-mayfair-real-estate-networking-breakfast-tickets-1291499613109?aff=ebdssbdestsearch,13186
177,https://www.eventbrite.co.uk/e/from-demolition-to-deconstruction-tickets-1338415138709?aff=ebdssbdestsearch,13162
179,https://www.eventbrite.co.uk/e/june-london-ecommerce-networking-at-the-gherkin-make-new-connections-tickets-1277501624749?aff=ebdssbdestsearch,13174
180,https://www.eventbrite.co.uk/e/venture-capital-tech-sector-june-city-business-networking-at-the-gherkin-tickets-1317166483409?aff=ebdssbdestsearch,13179
181,https://www.eventbrite.co.uk/e/venture-capital-hnwi-june-city-business-networking-at-the-gherkin-tickets-1292502914009?aff=ebdssbdestsearch,13180
182,https://www.eventbrite.co.uk/e/london-crypto-hnwi-industry-june-city-investor-networking-at-the-gherkin-tickets-1292461088909?aff=ebdssbdestsearch,13187
183,https://www.eventbrite.co.uk/e/london-family-office-june-capital-investments-networking-at-the-gherkin-tickets-1292481981399?aff=ebdssbdestsearch,13173
184,https://www.eventbrite.co.uk/e/london-fund-industry-june-hnwicapital-raising-networking-at-the-gherkin-tickets-1292486886069?aff=ebdssbdestsearch,13200
185,https://www.eventbrite.co.uk/e/the-k-briq-certification-celebration-scotlands-national-retrofit-centre-tickets-1344052921469?aff=ebdssbdestsearch,13183
186,https://www.eventbrite.co.uk/e/hmo-property-workshop-2025-tickets-1321687184949?aff=ebdssbdestsearch,13197
187,https://www.eventbrite.co.uk/e/design-festival-north-2025-liverpool-tickets-998420702197?aff=ebdssbdestsearch,13191
188,https://www.eventbrite.co.uk/e/maximising-your-property-investment-insights-networking-tickets-1285981849329?aff=ebdssbdestsearch,13213
190,https://www.eventbrite.co.uk/e/lae-tottenham-alumni-networking-event-2025-tickets-1298951110739?aff=ebdssbdestsearch,13196
191,https://www.eventbrite.co.uk/e/in-pursuit-of-luxury-2025-honest-luxury-19-20-june-tickets-1020604303947?aff=ebdssbdestsearch,13199
192,https://www.eventbrite.co.uk/e/cv-portfolio-workshop-with-jtp-studios-tickets-1252807995439?aff=ebdssbdestsearch,13194
193,https://www.eventbrite.co.uk/e/agency-folk-summer-gathering-june-tickets-1257070394389?aff=ebdssbdestsearch,13205
194,https://www.eventbrite.co.uk/e/the-property-entrepreneur-summit-tickets-1209996394789?aff=ebdssbdestsearch,13204
196,https://www.eventbrite.co.uk/e/roofing-trade-show-2025-tickets-1244703986129?aff=ebdssbdestsearch,13202
197,https://www.eventbrite.co.uk/e/intellectual-property-for-creatives-great-yarmouth-library-tickets-1317444615309?aff=ebdssbdestsearch,13218
198,https://www.eventbrite.co.uk/e/west-norfolk-property-group-july-meet-tickets-1333813926359?aff=ebdssbdestsearch,13214
199,https://www.eventbrite.co.uk/e/healthy-buildings-the-missing-link-for-a-sustainable-future-tickets-1234551750519?aff=ebdssbdestsearch,13189
200,https://www.eventbrite.co.uk/e/fightclub-mortar-combat-tickets-1371349215419?aff=ebdssbdestsearch,13201
201,https://www.eventbrite.co.uk/e/the-business-builder-retreat-tickets-1330740684209?aff=ebdssbdestsearch,13210
202,https://www.eventbrite.co.uk/e/why-listening-matters-tickets-1337307415479?aff=ebdssbdestsearch,13206
203,https://www.eventbrite.co.uk/e/from-voices-to-action-engagement-that-works-tickets-1291385652249?aff=ebdssbdestsearch,13190
204,https://www.eventbrite.co.uk/e/film-evening-three-words-for-forest-tickets-1318980739899?aff=ebdssbdestsearch,13220
205,https://www.eventbrite.co.uk/e/urban-designer-for-the-day-registration-1273894977169?aff=ebdssbdestsearch,13198
206,https://www.eventbrite.co.uk/e/construction-engineering-networking-event-high-rise-fire-safety-tickets-1372780055099?aff=ebdssbdestsearch,13195
208,https://www.eventbrite.co.uk/e/hereford-careers-fair-tickets-896083308297?aff=ebdssbdestsearch,13175
209,https://www.eventbrite.co.uk/e/uk-property-networking-the-alma-tickets-1284141053459?aff=ebdssbdestsearch,13223
210,https://www.eventbrite.co.uk/e/new-architects-club-2025-2026-tickets-1311758136899?aff=ebdssbdestsearch,13207
211,https://www.eventbrite.co.uk/e/kent-constructing-excellence-july-2025-event-tickets-1116595409929?aff=ebdssbdestsearch,13224
212,https://www.eventbrite.com/e/savoys-education-day-which-strategy-in-property-should-you-pick-tickets-1353553267259?aff=ebdssbdestsearch,13217
214,https://www.eventbrite.co.uk/e/chester-careers-fair-tickets-896103739407?aff=ebdssbdestsearch,13222
215,https://www.eventbrite.co.uk/e/london-built-environment-june-mayfair-property-sector-networking-tickets-1276078026729?aff=ebdssbdestsearch,13225
216,https://www.eventbrite.com/e/she-owns-it-property-launch-tickets-1309739017659?aff=ebdssbdestsearch,13216
217,https://www.eventbrite.co.uk/e/site-tour-of-schwarzman-centre-for-the-humanities-registration-1329552951669?aff=ebdssbdestsearch,13215
218,https://www.eventbrite.co.uk/e/search-property-networking-connecting-property-investors-across-cornwall-tickets-1249266231929?aff=ebdssbdestsearch,13231
219,https://www.eventbrite.co.uk/e/business-networking-meeting-in-wetherby-bni-golden-triangle-tickets-696804118877?aff=ebdssbdestsearch,13219
220,https://www.eventbrite.co.uk/e/interior-design-networking-event-at-hilton-hotel-tickets-1358523282709?aff=ebdssbdestsearch,13247
221,https://www.eventbrite.com/e/an-evening-of-intentions-with-susanna-kenyon-muir-tickets-1348057709899?aff=ebdssbdestsearch,13232
222,https://www.eventbrite.co.uk/e/bima-house-the-green-interface-digital-design-with-sustainability-in-mind-tickets-1286293140409?aff=ebdssbdestsearch,13240
223,https://www.eventbrite.co.uk/e/property-entrepreneurs-startups-investors-professionals-networking-event-tickets-1322722942929?aff=ebdssbdestsearch,13229
224,https://www.eventbrite.co.uk/e/nerdworking-tickets-894216043257?aff=ebdssbdestsearch,13243
225,https://www.eventbrite.com/e/belgium-house-innovation-takes-over-shoreditch-arts-club-tickets-1273781497749?aff=ebdssbdestsearch,13233
226,https://www.eventbrite.co.uk/e/behind-the-scenes-at-saltdean-lido-member-only-tickets-1360414419149?aff=ebdssbdestsearch,13234
227,https://www.eventbrite.co.uk/e/oxpropawards-2025-tickets-1142646830429?aff=ebdssbdestsearch,13236
228,https://www.eventbrite.co.uk/e/dorridge-design-day-2025-tickets-1368531587819?aff=ebdssbdestsearch,13226
229,https://www.eventbrite.co.uk/e/acan-x-saw-organising-for-power-tickets-1325151306229?aff=ebdssbdestsearch,13248
230,https://www.eventbrite.co.uk/e/unseen-unspoken-unfair-challenging-workplace-discrimination-tickets-1296685875359?aff=ebdssbdestsearch,13241
231,https://www.eventbrite.com/e/best-wealth-unlocked-live-two-day-wealth-master-class-tickets-1324943183729?aff=ebdssbdestsearch,13228
232,https://www.eventbrite.co.uk/e/property-connect-essex-networking-event-tickets-1224487488039?aff=ebdssbdestsearch,13230
233,https://www.eventbrite.co.uk/e/global-gateways-italian-residency-investment-expo-london-tickets-1343993985189?aff=ebdssbdestsearch,13211
235,https://www.eventbrite.co.uk/e/sprite-nite-25-speed-portfolio-rehearsal-interview-taster-evening-tickets-1374247123139?aff=ebdssbdestsearch,13250
236,https://www.eventbrite.com/e/property-poppadoms-newcastle-upon-tyne-tickets-868533054747?aff=ebdssbdestsearch,13235
237,https://www.eventbrite.com/e/sybarite-student-open-evening-tickets-1374670659949?aff=ebdssbdestsearch,13237
238,https://www.eventbrite.co.uk/e/berks-prop-awards-2025-tickets-1326488184869?aff=ebdssbdestsearch,13238
239,https://www.eventbrite.co.uk/e/embracing-bim-solutions-for-small-and-medium-businesses-and-practitioners-tickets-1358437736839?aff=ebdssbdestsearch,13244
240,https://www.eventbrite.co.uk/e/small-steps-practical-inclusion-for-built-environment-leaders-tickets-1306884289089?aff=ebdssbdestsearch,13246
241,https://www.eventbrite.com/e/dubai-property-show-london-tickets-1279035572829?aff=ebdssbdestsearch,13242
242,https://www.eventbrite.co.uk/e/forensic-engineering-tickets-1338594174209?aff=ebdssbdestsearch,13251
243,https://www.eventbrite.com/e/spi-4-somerset-property-investors-tickets-1323470799789?aff=ebdssbdestsearch,13258
244,https://www.eventbrite.co.uk/e/july-quay-business-forum-25-summer-special-netwalking-tour-tickets-1356161247799?aff=ebdssbdestsearch,13254
245,https://www.eventbrite.com/e/gm100-jcdecaux-tour-and-presentation-tickets-1312861035699?aff=ebdssbdestsearch,13245
246,https://www.eventbrite.co.uk/e/agency-folk-mastermind-lunch-sept-tickets-1120728883259?aff=ebdssbdestsearch,13239
247,https://www.eventbrite.co.uk/e/punching-and-welding-painting-and-cnc-cutting-above-your-weight-tickets-1370368863159?aff=ebdssbdestsearch,13253
248,https://www.eventbrite.co.uk/e/ip-considerations-for-ai-generated-designs-tickets-1349667003339?aff=ebdssbdestsearch,13255
250,https://www.eventbrite.com/e/quality-assets-site-visit-tickets-1372583888359?aff=ebdssbdestsearch,13252
251,https://www.eventbrite.co.uk/e/tanfields-summer-property-conference-tickets-1335087545789?aff=ebdssbdestsearch,13262
252,https://www.eventbrite.co.uk/e/follow-the-light-the-elusive-cognitive-global-reset-110-to-05-hertz-tickets-1217351082859?aff=ebdssbdestsearch,13259
253,https://www.eventbrite.com/e/free-information-sessions-on-wills-lasting-powers-of-attorney-and-trusts-tickets-1237174455099?aff=ebdssbdestsearch,13265
254,https://www.eventbrite.com/e/glass-walls-can-trust-be-designed-into-systems-and-spaces-tickets-1377345540589?aff=ebdssbdestsearch,13268
255,https://www.eventbrite.co.uk/e/property-deal-network-newcastle-pdn-property-investor-networking-event-tickets-1231713902439?aff=ebdssbdestsearch,13276
256,https://www.eventbrite.co.uk/e/talking-tax-in-the-construction-industry-tickets-1375906857449?aff=ebdssbdestsearch,13257
257,https://www.eventbrite.co.uk/e/the-business-builders-brunch-networking-for-startups-small-businesses-tickets-1368689660619?aff=ebdssbdestsearch,13275
258,https://www.eventbrite.co.uk/e/small-business-networking-at-stansted-house-tickets-1102058479579?aff=ebdssbdestsearch,13221
259,https://www.eventbrite.co.uk/e/bridges-for-ukraine-accelerating-opportunities-for-reconstructing-ukraine-tickets-1372007073089?aff=ebdssbdestsearch,13269
262,https://www.eventbrite.co.uk/e/experience-oxfordshire-venues-partner-meeting-tickets-1356207034749?aff=ebdssbdestsearch,13279
263,https://www.eventbrite.co.uk/e/architects-advance-your-renewable-heating-knowledge-cpd-workshop-tickets-1354978289539?aff=ebdssbdestsearch,13261
264,https://www.eventbrite.co.uk/e/iht-in-a-post-budget-landscape-what-now-for-pensions-tickets-1362985469229?aff=ebdssbdestsearch,13272
265,https://www.eventbrite.co.uk/e/bima-house-the-unbreakable-rise-of-women-leaders-tickets-1368589872149?aff=ebdssbdestsearch,13271
267,https://www.eventbrite.co.uk/e/specifier-summit-2025-tickets-1368487786809?aff=ebdssbdestsearch,13266
268,https://www.eventbrite.co.uk/e/innovation-with-impact-creative-strategies-for-business-transformation-tickets-1349623753979?aff=ebdssbdestsearch,13270
269,https://www.eventbrite.com/e/multiple-streams-of-property-income-how-to-invest-to-invest-in-the-north-tickets-1368358740829?aff=ebdssbdestsearch,13281
270,https://www.eventbrite.co.uk/e/heritage-open-day-guided-tour-of-the-jo-cox-more-in-common-building-tickets-1299587584449?aff=ebdssbdestsearch,13256
272,https://www.eventbrite.co.uk/e/new-tax-year-strategiespositioning-your-finances-for-successhealthcare-tickets-1349142695119?aff=ebdssbdestsearch,13260
274,https://www.eventbrite.co.uk/e/hemel-st-albans-property-network-cic-tickets-389466443617?aff=ebdssbdestsearch,13249
275,https://www.eventbrite.co.uk/e/digital-technology-crime-and-the-law-conference-save-the-date-tickets-1113870920909?aff=ebdssbdestsearch,13277
280,https://www.eventbrite.ie/e/triroof-flexible-roofing-overlay-course-supplementary-course-tickets-1256588894209?aff=ebdssbdestsearch,13273
281,https://www.eventbrite.com/e/dublin-architects-forum-tickets-1349613172329?aff=ebdssbdestsearch,13290
282,https://www.eventbrite.ie/e/cyber-security-for-healthcare-tickets-1320909117729?aff=ebdssbdestsearch,13264
284,https://www.eventbrite.ie/e/forest-fest-music-arts-festival-2025-tickets-1078623194009?aff=ebdssbdestsearch,13287
285,https://www.eventbrite.ie/e/mother-pride-block-party-2025-tickets-1306929634719?aff=ebdssbdestsearch,13288
287,https://www.eventbrite.co.uk/e/dublin-stem-women-graduate-careers-event-tickets-1073037958419?aff=ebdssbdestsearch,13283
1006,https://www.eventbrite.ie/e/matterport-3d-capture-training-course-tickets-1354514432129?aff=ebdssbdestsearch,13297
1208,https://www.architecture.com/whats-on/ribaj-breakfast-briefing-the-faade-talks,13389
1224,https://nla.london/events/slavery-and-the-city-walking-tour,13390
1327,https://www.eventbrite.co.uk/e/exploring-lincoln-cathedral-visitors-centre-tickets-1348028402239?aff=ebdssbdestsearch,13391
1339,https://www.eventbrite.co.uk/e/aia-uk-building-tour-series-urbanest-city-by-hopkins-architects-and-apt-tickets-1382035488349?aff=ebdssbdestsearch,13401
1417,https://www.eventbrite.co.uk/e/digital-transformation-conference-london-november-2025-expo-tickets-1382273590519?aff=ebdssbdestsearch,13404
1418,https://www.eventbrite.co.uk/e/built-by-us-mentoring-series-2025-mentoring-for-change-tickets-1368628146629?aff=ebdssbdestsearch,13396
1424,https://www.eventbrite.co.uk/e/dubai-property-show-in-manchester-2025-tickets-1381438964129?aff=ebdssbdestsearch,13398
1425,https://www.eventbrite.co.uk/e/propertydev-construction-sector-business-networking-breakfast-at-polo-tickets-1379225393279?aff=ebdssbdestsearch,13397
1427,https://www.eventbrite.co.uk/e/mastermind-lunch-by-agency-folk-sept-tickets-1120728883259?aff=ebdssbdestsearch,13393
1432,https://www.eventbrite.co.uk/e/dubai-property-show-featuring-athlon-by-aldar-properties-tickets-1380432925039?aff=ebdssbdestsearch,13403
1443,https://www.eventbrite.com/e/elmbridge-uk-wood-painting-and-coatings-open-day-tickets-1367146204099?aff=ebdssbdestsearch,13399
1446,https://www.eventbrite.co.uk/e/dubai-hills-estate-investors-sales-event-tickets-1380431470689?aff=ebdssbdestsearch,13392
1457,https://www.eventbrite.com/e/landlord-summer-briefing-tickets-1324873194389?aff=ebdssbdestsearch,13400
1458,https://www.eventbrite.co.uk/e/ideas-to-action-strategy-vision-mapping-tm-for-business-clarity-tickets-1381720315659?aff=ebdssbdestsearch,13394
1463,https://www.eventbrite.co.uk/e/system-shiftvalue-chain-collaboration-to-decarbonise-the-built-environment-tickets-1382443950069?aff=ebdssbdestsearch,13402
1487,https://www.architecture.com/whats-on/riba-south-west-equality-diversity-and-inclusion-group-launch,13466
1488,https://www.architecture.com/whats-on/riba-exeter-talk-with-ben-channon-mental-wellbeing-and-neurodiversity,13464
1495,https://www.architecture.com/whats-on/riba-dorset-walk-at-chettle-and-demonstration-with-ian-thackray-blacksmith,13468
1503,https://www.architecture.com/whats-on/riba-somerset-walk-at-brean-down,13469
1506,https://www.architecture.com/whats-on/riba-berkshire-sustainability-series-retrofitting-traditional-buildings,13465
1507,https://www.architecture.com/whats-on/riba-berkshire-sustainability-talks-2025-design-in-the-age-of-emergency,13467
1606,https://www.eventbrite.co.uk/e/the-ai-maturity-series-six-pillars-for-smarter-business-tickets-1328022443879?aff=ebdssbdestsearch,13471
1699,https://www.eventbrite.co.uk/e/august-london-legal-sector-networking-reception-at-the-gherkin-tickets-1379290267319?aff=ebdssbdestsearch,13477
1702,https://www.eventbrite.co.uk/e/at-the-gherkin-august-2025-property-construction-sector-networking-tickets-1379226466489?aff=ebdssbdestsearch,13476
1708,https://www.eventbrite.co.uk/e/london-family-office-august-city-real-estate-networking-at-the-gherkin-tickets-1381453617959?aff=ebdssbdestsearch,13475
1710,https://www.eventbrite.co.uk/e/london-built-environment-august-property-sector-networking-at-the-gherkin-tickets-1379195604179?aff=ebdssbdestsearch,13478
1735,https://www.eventbrite.co.uk/e/property-training-course-21st-june-2025-birmingham-tickets-1383992842849?aff=ebdssbdestsearch,13473
1760,https://www.eventbrite.co.uk/e/ready-set-inherit-inheritance-planning-seminar-tickets-1383960054779?aff=ebdssbdestsearch,13474
1762,https://www.eventbrite.co.uk/e/talk-bringing-life-to-the-museum-and-the-museum-to-life-tickets-1381910163499?aff=ebdssbdestsearch,13472
1788,https://www.architecture.com/whats-on/south-east-london-summer-social,13521
1803,https://www.architecture.com/whats-on/riba-west-kent-sheerness-dockyard-church-building-tour,13518
1805,https://www.architecture.com/whats-on/riba-south-conservation-the-greenest-building-is-the-one-already-built,13519
1807,https://www.architecture.com/whats-on/riba-se-sustainability-group-passivhaus-without-the-pitfalls-practical-lessons-from-certifiers,13520
1811,https://nla.london/events/shaping-our-cities-beyond-superficial-community-engagement,13524
1812,https://nla.london/events/education-and-representation-in-architecture-who-gets-a-seat-at-the-table,13523
1814,https://nla.london/events/strategic-partnerships-drive-inclusivity-and-innovation,13522
1886,https://www.eventbrite.co.uk/e/forma-seminar-49-beyond-the-structural-engineering-blueprint-tickets-1387740512229?aff=ebdssbdestsearch,13528
1896,https://www.eventbrite.co.uk/e/york-chamber-annual-dinner-the-business-of-heritage-tickets-1058005495919?aff=ebdssbdestsearch,13526
1901,https://www.eventbrite.co.uk/e/cpd-walking-tour-cupaclad-heritage-in-practice-tickets-1389335492859?aff=ebdssbdestsearch,13532
1916,https://www.eventbrite.co.uk/e/property-entrepreneurs-investors-professionals-event-at-the-other-house-tickets-1388017901909?aff=ebdssbdestsearch,13537
1940,https://www.eventbrite.co.uk/e/in-pursuit-of-luxury-2025-honest-luxury-19th-june-tickets-1020604303947?aff=ebdssbdestsearch,13531
1972,https://www.eventbrite.co.uk/e/london-esg-network-july-2025-reception-at-the-gherkin-make-esg-connections-tickets-1387304167109?aff=ebdssbdestsearch,13535
1977,https://www.eventbrite.co.uk/e/at-the-gherkin-charity-third-sector-london-business-networking-july-2025-tickets-1387548517969?aff=ebdssbdestsearch,13536
1983,https://www.eventbrite.co.uk/e/july-environmental-social-governance-networking-drinks-at-the-gherkin-tickets-1387430805889?aff=ebdssbdestsearch,13533
1996,https://www.eventbrite.co.uk/e/scottish-wedding-network-evening-at-virgin-hotels-edinburgh-tickets-1389486283879?aff=ebdssbdestsearch,13534
1998,https://www.eventbrite.co.uk/e/1387198270369?aff=ebdssbdestsearch,13529
2005,https://www.eventbrite.co.uk/e/tax-in-the-construction-industry-key-considerations-and-insights-tickets-1375906857449?aff=ebdssbdestsearch,13527
2046,https://www.bco.org.uk/product/bco-nextgen-london-se-worship-square-talk-tour,13525
2212,https://www.eventbrite.com/e/lfa-2025-acme-x-studio-lates-tickets-1363005639559?aff=ebdssbdestsearch,13538
2219,https://www.eventbrite.ie/e/business-energy-upgrades-drivers-funding-other-tools-for-smes-tickets-1382763114699?aff=ebdssbdestsearch,13530
2529,https://www.architecture.com/whats-on/west-london-summer-social-2025,13567
2534,https://www.architecture.com/whats-on/south-west-london-summer-social-2025,13568
2536,https://www.architecture.com/whats-on/north-london-summer-social-2025,13569
2724,https://www.eventbrite.co.uk/e/reimagining-resources-buildings-materials-and-crafts-symposium-tickets-1383677620009?aff=ebdssbdestsearch,13572
2757,https://www.eventbrite.co.uk/e/london-hnwi-sector-august-networking-reception-at-the-gherkin-tickets-1391365163659?aff=ebdssbdestsearch,13573
2772,https://www.eventbrite.co.uk/e/scottish-wedding-network-evening-at-ghillie-dhu-tickets-1392370099449?aff=ebdssbdestsearch,13571
2785,https://www.eventbrite.co.uk/e/improving-homes-safety-wellbeing-in-affordable-housing-tickets-1392415184299?aff=ebdssbdestsearch,13575
2795,https://www.eventbrite.com/e/glass-walls-can-trust-be-designed-tickets-1377345540589?aff=ebdssbdestsearch,13570
2813,https://www.eventbrite.ie/e/matterport-3d-capture-training-course-tickets-1354523960629?aff=ebdssbdestsearch,13574
2826,https://www.architecture.com/whats-on/riba-north-east-yapf-x-prep4practice-june-2025,13805
2831,https://www.architecture.com/whats-on/riba-international-awards-arcity-office-inside-a-winning-project-talk,13804
2834,https://www.architecture.com/whats-on/jedi-talk-little-wins-june-2025,13801
2837,https://www.architecture.com/whats-on/threading-the-needle-stitching-time-va-19-june-2025,13802
2843,https://www.architecture.com/whats-on/riba-bristol-and-bath-summer-boat-party,13807
2844,https://www.architecture.com/whats-on/ribaj-lunch-and-learn-designing-for-neurodiversity-webinar,13806
2848,https://www.architecture.com/whats-on/riba-singapore-member-happy-hour-drinks,13810
2851,https://www.architecture.com/whats-on/bristol-and-bath-building-safety-act-practical-challenges-and-opportunities-for-designers,13809
2852,https://www.architecture.com/whats-on/reimagining-resources-buildings-materialsand-crafts-symposium,13808
2853,https://www.architecture.com/whats-on/exploring-architecture-stitching-time-july-2025,13803
2871,https://nla.london/events/technical-briefing-passive-house-retrofit-and-reuse,13812
2874,https://nla.london/events/nextgen-summer-party-1,13813
2877,https://nla.london/events/sylon-housing-solutions-from-london-to-sydney,13811
2930,https://www.bco.org.uk/product/bco-london-seminar-net-zero-carbon-standards-and-their-impact-on-londons-commercial-real-estate,13814
2943,https://www.eventbrite.com/e/build-and-bond-xp-surveys-networking-event-tickets-1399296937809?aff=ebdssbdestsearch,13832
2948,https://www.eventbrite.co.uk/e/harlaxton-manor-walled-garden-tour-tickets-1384115489689?aff=ebdssbdestsearch,13817
2954,https://www.eventbrite.co.uk/e/the-construction-hub-tuesday-8-july-2025-tickets-1284033311199?aff=ebdssbdestsearch,13815
2978,https://www.eventbrite.co.uk/e/financial-london-walk-tickets-1279728294779?aff=ebdssbdestsearch,13831
2985,https://www.eventbrite.co.uk/e/netwalking-leeds-property-construction-networking-tickets-1371817114919?aff=ebdssbdestsearch,13819
3006,https://www.eventbrite.co.uk/e/air-quality-in-educational-buildings-construction-networking-event-tickets-1394905974319?aff=ebdssbdestsearch,13829
3007,https://www.eventbrite.co.uk/e/healthcare-integration-with-life-sciences-pharma-networking-event-tickets-1394930738389?aff=ebdssbdestsearch,13820
3008,https://www.eventbrite.co.uk/e/york-and-north-yorkshire-property-and-economic-forum-commercial-finance-tickets-1374521002319?aff=ebdssbdestsearch,13830
3011,https://www.eventbrite.co.uk/e/youre-invited-launch-of-the-leicester-property-link-networking-event-registration-1394495356149?aff=ebdssbdestsearch,13825
3012,https://www.eventbrite.co.uk/e/london-cybersecurity-june-business-networking-reception-tickets-1317145019209?aff=ebdssbdestsearch,13828
3014,https://www.eventbrite.co.uk/e/10-10-decade-of-diversity-tickets-1319790150869?aff=ebdssbdestsearch,13833
3017,https://www.eventbrite.co.uk/e/london-crypto-fintech-industry-june-city-networking-at-the-gherkin-tickets-1317139151659?aff=ebdssbdestsearch,13835
3023,https://www.eventbrite.co.uk/e/interior-design-networking-event-at-hilton-hotel-tickets-1400528340969?aff=ebdssbdestsearch,13839
3024,https://www.eventbrite.co.uk/e/london-creative-network-july-2025-networking-reception-at-the-gherkin-tickets-1396155030279?aff=ebdssbdestsearch,13826
3027,https://www.eventbrite.co.uk/e/london-immigration-network-july-2025-networking-reception-at-the-gherkin-tickets-1395908713539?aff=ebdssbdestsearch,13821
3031,https://www.eventbrite.co.uk/e/how-to-be-brilliant-in-scotland-tickets-1394385407289?aff=ebdssbdestsearch,13834
3032,https://www.eventbrite.co.uk/e/london-fund-industry-july-2025-esg-networking-reception-at-the-gherkin-tickets-1396054549739?aff=ebdssbdestsearch,13824
3036,https://www.eventbrite.co.uk/e/london-family-office-july-esg-sector-industry-networking-at-the-gherkin-tickets-1396118862099?aff=ebdssbdestsearch,13818
3037,https://www.eventbrite.co.uk/e/the-london-education-july-networking-reception-at-the-gherkin-tickets-1395890729749?aff=ebdssbdestsearch,13822
3042,https://www.eventbrite.co.uk/e/whats-next-for-coventrys-creative-industries-tickets-1402282999199?aff=ebdssbdestsearch,13842
3045,https://www.eventbrite.co.uk/e/uk-prop-social-reading-tickets-1343950735829?aff=ebdssbdestsearch,13823
3054,https://www.eventbrite.co.uk/e/networking-for-founders-creators-freelancers-rebels-tickets-1372537258889?aff=ebdssbdestsearch,13816
3061,https://www.eventbrite.co.uk/e/the-evolving-landscape-of-art-insurance-tickets-1362809863989?aff=ebdssbdestsearch,13827
3063,https://www.eventbrite.co.uk/e/dubai-property-show-featuring-athlon-by-aldar-properties-tickets-1393697489709?aff=ebdssbdestsearch,13836
3068,https://www.eventbrite.co.uk/e/public-buildings-construction-and-infrastructure-engagement-contractors-tickets-1401892380849?aff=ebdssbdestsearch,13837
3069,https://www.eventbrite.co.uk/e/blue-bricks-property-investor-networking-event-tickets-1394763959549?aff=ebdssbdestsearch,13840
3070,https://www.eventbrite.co.uk/e/property-deal-network-newcastle-pdn-property-investor-networking-event-tickets-1231714293609?aff=ebdssbdestsearch,13841
3071,https://www.eventbrite.co.uk/e/london-built-environment-september-mayfair-property-sector-networking-tickets-1379197088619?aff=ebdssbdestsearch,13843
3077,https://www.eventbrite.co.uk/e/join-us-for-the-official-launch-of-engineered-life-by-designtm-tickets-1396879416939?aff=ebdssbdestsearch,13838
3082,https://www.eventbrite.co.uk/e/housing-leaders-summit-edinburgh-tickets-1368424908739?aff=ebdssbdestsearch,13845
3085,https://www.eventbrite.com/e/dubai-property-show-london-tickets-1399257038469?aff=ebdssbdestsearch,13844
3173,https://www.architecture.com/whats-on/riba-north-west-conservation-heritage-and-sustainability-group-walking-heritage-tour-of-manchester,13955
3182,https://www.architecture.com/whats-on/york-architectural-association-summer-social-2025,13954
3251,https://nla.london/events/adapt-reuse-and-resilience-in-cities-research-launch,13957
3252,https://nla.london/events/technical-briefing-designing-with-water-going-beyond-the-technology,13956
3306,https://www.eventbrite.co.uk/e/forma-garden-party-2025-tickets-1394352167869?aff=ebdssbdestsearch,13976
3308,https://www.eventbrite.co.uk/e/york-architectural-association-summer-social-2025-tickets-1404592045619?aff=ebdssbdestsearch,13967
3357,https://www.eventbrite.co.uk/e/july-london-adtech-networking-reception-at-the-gherkin-make-adtech-links-tickets-1395798684439?aff=ebdssbdestsearch,13963
3358,https://www.eventbrite.co.uk/e/aecb-greater-manchester-innovation-in-gm-greenhaus-stretford-mall-tickets-1407560604659?aff=ebdssbdestsearch,13968
3361,https://www.eventbrite.co.uk/e/july-fintech-startup-networking-drinks-reception-at-the-famous-gherkin-tickets-1384008860759?aff=ebdssbdestsearch,13964
3362,https://www.eventbrite.co.uk/e/london-cybersecurity-july-business-networking-reception-tickets-1395713148599?aff=ebdssbdestsearch,13969
3365,https://www.eventbrite.co.uk/e/business-networking-meeting-in-wetherby-bni-golden-triangle-tickets-696501583987?aff=ebdssbdestsearch,13977
3369,https://www.eventbrite.co.uk/e/london-fund-industry-july-fintech-sector-networking-at-the-gherkin-tickets-1394042742369?aff=ebdssbdestsearch,13978
3373,https://www.eventbrite.co.uk/e/venture-capital-tech-sector-july-city-business-networking-at-the-gherkin-tickets-1395687521949?aff=ebdssbdestsearch,13965
3374,https://www.eventbrite.co.uk/e/london-crypto-fintech-industry-july-city-networking-at-the-gherkin-tickets-1395809185849?aff=ebdssbdestsearch,13979
3375,https://www.eventbrite.co.uk/e/july-london-ecommerce-networking-at-the-gherkin-make-new-connections-tickets-1393910697419?aff=ebdssbdestsearch,13961
3393,https://www.eventbrite.co.uk/e/berksprop-summit-2025-fork-in-the-river-tickets-1333727397549?aff=ebdssbdestsearch,13972
3398,https://www.eventbrite.co.uk/e/august-taxhnwi-networking-city-of-london-drinks-reception-at-the-gherkin-tickets-1407174549959?aff=ebdssbdestsearch,13974
3401,https://www.eventbrite.co.uk/e/lcb-business-breakfast-sponsored-by-kangaroo-uk-tickets-1406980539669?aff=ebdssbdestsearch,13960
3407,https://www.eventbrite.co.uk/e/reimagining-resources-with-riba-the-kings-foundation-tickets-1406320846509?aff=ebdssbdestsearch,13970
3408,https://www.eventbrite.com/e/aldars-ultra-luxury-waterfront-destination-tickets-1390558721569?aff=ebdssbdestsearch,13962
3413,https://www.eventbrite.co.uk/e/improving-homes-safety-wellbeing-in-sustainable-housing-tickets-1392415184299?aff=ebdssbdestsearch,13971
3418,https://www.eventbrite.co.uk/e/tech-leaders-breakfast-tickets-1388168963739?aff=ebdssbdestsearch,13966
3424,https://www.eventbrite.co.uk/e/trustedlands-july-2025-networking-event-tickets-1399515722199?aff=ebdssbdestsearch,13975
3439,https://www.eventbrite.com/e/abu-dhabi-property-show-london-tickets-1399257038469?aff=ebdssbdestsearch,13973
3471,https://www.bco.org.uk/product/bco-agm-2025,13959
3488,https://www.bco.org.uk/product/bco-nextgen-london-yoga-breakfast-st-pancras-campus-2,13958
3522,https://www.architecture.com/whats-on/nysa-industry-updates-retrofit,14153
3523,https://www.architecture.com/whats-on/ribaj-spec-offices-and-workspace-design-webinar,14154
3527,https://www.architecture.com/whats-on/riba-baby-at-riba-north-july-2025,14155
3548,https://www.bco.org.uk/product/bco-midlands-seminar-core-five-market-update-trends-takeaways,14157
3550,https://www.bco.org.uk/product/bco-midlands-walking-tour-talk-leamington-spas-creative-quarter,14156
3605,https://www.eventbrite.co.uk/e/modular-housing-what-went-wrong-construction-networking-event-tickets-1411824728769?aff=ebdssbdestsearch,14167
3711,https://www.eventbrite.co.uk/e/adp-big-breakfast-series-tickets-1410790685919?aff=ebdssbdestsearch,14164
3742,https://www.eventbrite.co.uk/e/property-poppadoms-newcastle-upon-tyne-tickets-868533054747?aff=ebdssbdestsearch,14162
3750,https://www.eventbrite.co.uk/e/boom-networking-london-the-cumberland-hotel-september-2025-tickets-1410496746739?aff=ebdssbdestsearch,14160
3759,https://www.eventbrite.com/e/public-speaking-training-get-confidence-and-support-registration-1408756230809?aff=ebdssbdestsearch,14166
3766,https://www.eventbrite.co.uk/e/the-summer-shift-tickets-1410277310399?aff=ebdssbdestsearch,14158
3769,https://www.eventbrite.co.uk/e/reading-and-understanding-plans-tickets-1412072088629?aff=ebdssbdestsearch,14161
3776,https://www.eventbrite.co.uk/e/faith-and-business-tickets-1388564777629?aff=ebdssbdestsearch,14168
3781,https://www.eventbrite.com/e/dubai-property-show-london-featuring-emaar-tickets-1408743091509?aff=ebdssbdestsearch,14163
3786,https://www.eventbrite.co.uk/e/dubai-property-investors-exposition-tickets-1408419904849?aff=ebdssbdestsearch,14159
3790,https://www.eventbrite.co.uk/e/foundations-live-2025-tickets-1408811165119?aff=ebdssbdestsearch,14165
3862,https://nla.london/events/study-tour-elephant-former-house-of-fraser-oxford-street,14171
3864,https://nla.london/events/adaptive-london-reusing-existing-buildings-research-launch,14170
4185,https://www.eventbrite.co.uk/e/lfa-x-lets-build-unheard-voices-hidden-figures-tickets-1415849577199?aff=ebdssbdestsearch,14253
4198,https://www.eventbrite.co.uk/e/comms-council-uk-summer-forum-20th-anniversary-tickets-1272206165889?aff=ebdssbdestsearch,14249
4273,https://www.eventbrite.co.uk/e/free-terrarium-making-workshop-at-kronospan-design-center-tickets-1411651370249?aff=ebdssbdestsearch,14246
4287,https://www.eventbrite.com/e/the-data-journey-governance-management-accessibility-in-the-age-of-ai-tickets-1414431455559?aff=ebdssbdestsearch,14247
4307,https://www.eventbrite.co.uk/e/come-and-join-us-at-kent-property-meet-on-wednesday-25th-june-tickets-1414671262829?aff=ebdssbdestsearch,14254
4309,https://www.eventbrite.co.uk/e/preserving-the-past-building-the-future-tickets-1415014449309?aff=ebdssbdestsearch,14248
4329,https://www.eventbrite.co.uk/e/industry-talk-workshop-with-branwen-davies-tickets-1392776555169?aff=ebdssbdestsearch,14250
4330,https://www.eventbrite.co.uk/e/strategic-planning-tickets-1414639277159?aff=ebdssbdestsearch,14252
4334,https://www.eventbrite.co.uk/e/the-arc-rethinking-alternative-provision-and-behaviour-support-tickets-1408165443749?aff=ebdssbdestsearch,14251
4382,https://www.architecture.com/whats-on/skill-up-biology-to-buildings-in-person-workshop-august-2025,14245
4445,https://www.architecture.com/whats-on/architecture-of-the-art-gallery,14321
4542,https://www.eventbrite.co.uk/e/portfolio-review-night-with-hlm-architects-strathclyde-tickets-1409196517719?aff=ebdssbdestsearch,14326
4557,https://www.eventbrite.co.uk/e/housing-futures-tickets-1417088974269?aff=ebdssbdestsearch,14324
4584,https://www.eventbrite.co.uk/e/london-proptech-august-2025-business-networking-at-the-gherkin-tickets-1383489196429?aff=ebdssbdestsearch,14338
4585,https://www.eventbrite.co.uk/e/london-fintechs-july-2025-networking-make-connections-at-the-gherkin-tickets-1383995671309?aff=ebdssbdestsearch,14328
4605,https://www.eventbrite.co.uk/e/city-of-london-hedge-funds-hnwi-networking-drinks-reception-at-the-gherkin-tickets-1391390659919?aff=ebdssbdestsearch,14325
4607,https://www.eventbrite.co.uk/e/london-fund-industry-august-2025-city-real-estate-networking-at-the-gherkin-tickets-1383512566329?aff=ebdssbdestsearch,14340
4616,https://www.eventbrite.co.uk/e/private-equity-industry-city-of-london-networking-reception-at-the-gherkin-tickets-1391373488559?aff=ebdssbdestsearch,14333
4617,https://www.eventbrite.co.uk/e/london-private-client-august-city-of-london-networking-at-the-gherkin-tickets-1391362515739?aff=ebdssbdestsearch,14336
4626,https://www.eventbrite.co.uk/e/london-fund-industry-augusthnwicapital-raising-networking-at-the-gherkin-tickets-1407492831949?aff=ebdssbdestsearch,14327
4627,https://www.eventbrite.co.uk/e/venture-capital-hnwi-august-city-business-networking-at-the-gherkin-tickets-1391409165269?aff=ebdssbdestsearch,14323
4630,https://www.eventbrite.co.uk/e/london-family-office-august-capital-investments-networking-at-the-gherkin-tickets-1391383408229?aff=ebdssbdestsearch,14339
4656,https://www.eventbrite.co.uk/e/rise-and-design-the-power-of-design-tickets-1415193394539?aff=ebdssbdestsearch,14337
4659,https://www.eventbrite.co.uk/e/london-built-environment-july-2025-city-networking-breakfast-tickets-1379195092649?aff=ebdssbdestsearch,14332
4661,https://www.eventbrite.co.uk/e/understanding-real-estate-economics-investment-sustainable-growth-tickets-1418068373679?aff=ebdssbdestsearch,14334
4685,https://www.eventbrite.sg/e/go-global-awards-2025-tickets-1418105424499?aff=ebdssbdestsearch,14331
4692,https://www.eventbrite.ie/e/matterport-3d-capture-training-course-tickets-1401162497749?aff=ebdssbdestsearch,14329
4695,https://www.eventbrite.co.uk/e/rnli-union-hall-swim-2025-registration-1245990092909?aff=ebdssbdestsearch,14322
4696,https://www.eventbrite.ie/e/rewild-festival-tickets-1049514384777?aff=ebdssbdestsearch,14330
4697,https://www.eventbrite.ie/e/onoir-live-at-jacksons-hotel-tickets-1104543993819?aff=ebdssbdestsearch,14335
4707,https://www.architecture.com/whats-on/threading-the-needle-stitching-time-va-26-june-2025,14434
4714,https://www.architecture.com/whats-on/riba-international-awards-introducing-new-asia-pacific-awards,14435
4715,https://www.architecture.com/whats-on/riba-international-awards-introducing-new-middle-east-awards,14431
4726,https://www.architecture.com/whats-on/riba-north-stitching-time-the-beginning-of-the-work-july-2025,14432
4729,https://www.architecture.com/whats-on/south-conservation-group-talk-and-tour-of-the-jackson-library,14433
4756,https://www.eventbrite.com/e/foundations-of-the-future-celebrating-1-year-of-architecther-tickets-1417143527439?aff=ebdssbdestsearch,14445
4761,https://www.eventbrite.co.uk/e/designing-for-neurodiversity-in-commercial-environments-by-amtico-tickets-1423295387819?aff=ebdssbdestsearch,14438
4766,https://www.eventbrite.co.uk/e/painting-on-a-ceiling-by-zentia-tickets-1423269640809?aff=ebdssbdestsearch,14441
4786,https://www.eventbrite.co.uk/e/audience-ology-experience-exchange-story-architecture-built-to-be-felt-tickets-1419128444379?aff=ebdssbdestsearch,14453
4787,https://www.eventbrite.co.uk/e/1418697054079?aff=ebdssbdestsearch,14447
4788,https://www.eventbrite.co.uk/e/urban-climate-tickets-1424462057359?aff=ebdssbdestsearch,14449
4789,https://www.eventbrite.co.uk/e/1418714877389?aff=ebdssbdestsearch,14440
4796,https://www.eventbrite.co.uk/e/building-safety-act-kneejerk-or-catalyst-construction-networking-event-tickets-1417205342329?aff=ebdssbdestsearch,14437
4826,https://www.eventbrite.com/e/riba-south-essex-bluebird-building-tour-tickets-1421525223209?aff=ebdssbdestsearch,14436
4827,https://www.eventbrite.co.uk/e/tech-startup-founder-essentials-for-investment-fundraising-and-success-tickets-1421287351729?aff=ebdssbdestsearch,14452
4829,https://www.eventbrite.co.uk/e/acoustic-cpd-by-zentia-tickets-1423260964859?aff=ebdssbdestsearch,14446
4846,https://www.eventbrite.co.uk/e/september-fintech-startup-networking-reception-at-the-famous-gherkin-tickets-1420325534909?aff=ebdssbdestsearch,14443
4861,https://www.eventbrite.co.uk/e/september-environmental-social-governance-networking-at-the-gherkin-tickets-1420383849329?aff=ebdssbdestsearch,14448
4874,https://www.eventbrite.co.uk/e/york-and-north-yorkshire-property-and-economic-forum-commercial-finance-tickets-1423632716779?aff=ebdssbdestsearch,14450
4882,https://www.eventbrite.co.uk/e/dubai-property-show-featuring-athlon-by-aldar-properties-tickets-1423148428259?aff=ebdssbdestsearch,14442
4892,https://www.eventbrite.com/e/experience-athlon-by-aldar-the-future-of-fitness-living-tickets-1423884921129?aff=ebdssbdestsearch,14444
4894,https://www.eventbrite.co.uk/e/the-business-builders-brunch-networking-for-startups-small-businesses-tickets-1424019975079?aff=ebdssbdestsearch,14439
4907,https://www.eventbrite.co.uk/e/terrarium-making-workshop-at-kronospan-design-center-tickets-1411651370249?aff=ebdssbdestsearch,14451
4983,https://nla.london/events/technical-briefing-flood-defence-climate-adaptation-infrastructure,14457
5062,https://www.eventbrite.co.uk/e/hk-uk-dialogues-understanding-community-sharing-tickets-1418697054079?aff=ebdssbdestsearch,14458
5064,https://www.eventbrite.co.uk/e/hk-uk-dialogues-understanding-heritage-sharing-tickets-1418714877389?aff=ebdssbdestsearch,14460
5099,https://www.eventbrite.co.uk/e/preparation-for-practice-tickets-1416520895129?aff=ebdssbdestsearch,14461
5178,https://www.eventbrite.co.uk/e/island-property-network-tickets-1424846838249?aff=ebdssbdestsearch,14459
5216,https://www.architecture.com/whats-on/uk-canada-mutual-recognition-agreement-new-opportunities-for-architects,14608
5220,https://www.architecture.com/whats-on/lwsa-social-afternoon-with-riba-president-muyiwa-oki,14609
5233,https://www.architecture.com/whats-on/riba-nw-small-emerging-practice-meet-up-july-2025,14612
5238,https://www.architecture.com/whats-on/riba-at-london-pride-2025,14613
5239,https://www.architecture.com/whats-on/plant-palaces-at-the-story-explorers-family-festival-at-the-british-library,14610
5248,https://www.architecture.com/whats-on/riba-inclusive-design-overlay-conference-2025,14607
5256,https://www.architecture.com/whats-on/riba-east-exploring-letchworth-garden-citys-architectural-heritage,14614
5260,https://www.architecture.com/whats-on/riba-stirling-prize-celebration-2025,14611
5328,https://www.bco.org.uk/product/bco-north-talk-tour-durham-university-business-school-where-education-meets-workplace,14615
5343,https://www.eventbrite.co.uk/e/lwsa-social-afternoon-with-riba-president-muyiwa-oki-tickets-1427744033839?aff=ebdssbdestsearch,14618
5344,https://www.eventbrite.co.uk/e/best-in-the-built-environment-graduate-show-west-midlands-tickets-1434992785049?aff=ebdssbdestsearch,14624
5359,https://www.eventbrite.co.uk/e/meet-the-makers-tickets-1428552812919?aff=ebdssbdestsearch,14626
5404,https://www.eventbrite.co.uk/e/the-property-forum-high-end-residential-a-showcase-tickets-1438455000629?aff=ebdssbdestsearch,14628
5428,https://www.eventbrite.com/e/abu-dhabi-luxury-property-show-in-london-tickets-1430728149409?aff=ebdssbdestsearch,14616
5436,https://www.eventbrite.co.uk/e/fellows-masterclass-ken-shuttleworth-tickets-1383663196869?aff=ebdssbdestsearch,14621
5441,https://www.eventbrite.co.uk/e/site-visit-tyne-bridge-tickets-1430539615499?aff=ebdssbdestsearch,14630
5448,https://www.eventbrite.com/e/dubai-property-show-london-featuring-emaar-tickets-1426589380239?aff=ebdssbdestsearch,14623
5450,https://www.eventbrite.co.uk/e/invest-in-dubai-luxuries-with-10-only-tickets-1432527932609?aff=ebdssbdestsearch,14620
5452,https://www.eventbrite.co.uk/e/dubai-property-show-tickets-1443056574059?aff=ebdssbdestsearch,14617
5453,https://www.eventbrite.co.uk/e/west-wales-business-hub-tickets-1436887542319?aff=ebdssbdestsearch,14627
5457,https://www.eventbrite.co.uk/e/collinson-ceramics-lunch-and-learn-with-ardex-and-wedi-tickets-1426884031549?aff=ebdssbdestsearch,14629
5463,https://www.eventbrite.co.uk/e/co-production-in-housing-focus-group-tickets-1443056192919?aff=ebdssbdestsearch,14622
5464,https://www.eventbrite.co.uk/e/july-vcs-forum-cabinet-in-the-community-vcs-strategy-and-priorities-tickets-1410478833159?aff=ebdssbdestsearch,14619
5467,https://www.eventbrite.co.uk/e/tech-and-creative-business-brunch-tickets-1432925892919?aff=ebdssbdestsearch,14631
5476,https://www.eventbrite.ie/e/matterport-3d-capture-training-course-tickets-1401162678289?aff=ebdssbdestsearch,14625
5498,https://www.architecture.com/whats-on/exploring-architecture-zaha-hadid-foundation-visit,14791
5500,https://www.architecture.com/whats-on/riba-baby-at-mann-island-liverpool-august-2025,14792
5501,https://www.architecture.com/whats-on/riba-north-stitching-time-the-beginning-of-the-work-aug-2025,14790
5504,https://www.architecture.com/whats-on/riba-yorkshire-nysa-industry-updates-conservation-sustainability-and-historic-buildings,14789
5506,https://www.architecture.com/whats-on/riba-yorkshire-small-and-emerging-practice-network-right-of-lights-and-party-wall-act,14788
5559,https://www.bco.org.uk/product/bco-london-kayaking-the-thames,14793
5563,https://www.bco.org.uk/product/bco-midlands-summer-social-tour-of-three-chamberlain-sq,14794
5574,https://www.eventbrite.co.uk/e/drawing-on-kronoart-creative-workshop-with-tannaz-orumchi-tickets-1454618726769?aff=ebdssbdestsearch,14811
5575,https://www.eventbrite.com/e/newcastle-architects-forum-tickets-1452089702389?aff=ebdssbdestsearch,14800
5578,https://www.eventbrite.co.uk/e/nsa-refresh-2025-tickets-1449266307539?aff=ebdssbdestsearch,14803
5587,https://www.eventbrite.co.uk/e/we-wooden-have-it-any-other-way-riba-approved-cpd-tickets-1450268154089?aff=ebdssbdestsearch,14795
5602,https://www.eventbrite.com/e/marketing-evenings-ldn-how-wise-thinks-local-scales-globally-tickets-1447072726479?aff=ebdssbdestsearch,14813
5635,https://www.eventbrite.co.uk/e/built-to-connect-tickets-1449514108719?aff=ebdssbdestsearch,14801
5643,https://www.eventbrite.co.uk/e/property-with-purpose-events-tickets-1450461773209?aff=ebdssbdestsearch,14810
5648,https://www.eventbrite.co.uk/e/nine-elms-invitation-tickets-1438541619709?aff=ebdssbdestsearch,14796
5655,https://www.eventbrite.co.uk/e/emsp-summer-social-2025-at-electric-daisy-in-derby-tickets-1449640165759?aff=ebdssbdestsearch,14797
5666,https://www.eventbrite.co.uk/e/east-of-england-sustainable-building-network-tickets-1412216279909?aff=ebdssbdestsearch,14815
5670,https://www.eventbrite.co.uk/e/constructing-excellence-east-midlands-awards-dinner-tickets-1444730841839?aff=ebdssbdestsearch,14808
5676,https://www.eventbrite.co.uk/e/members-only-site-visits-part-2-tickets-1450655823619?aff=ebdssbdestsearch,14799
5679,https://www.eventbrite.co.uk/e/london-build-expo-2025-tickets-1450040081919?aff=ebdssbdestsearch,14809
5685,https://www.eventbrite.com/e/oxfordshire-property-construction-networking-tickets-1401049559949?aff=ebdssbdestsearch,14802
5686,https://www.eventbrite.co.uk/e/blue-bricks-property-networking-event-leeds-tickets-1451349558599?aff=ebdssbdestsearch,14804
5690,https://www.eventbrite.com/e/dubai-property-show-london-featuring-emaar-10-downpayment-tickets-1446119284709?aff=ebdssbdestsearch,14798
5698,https://www.eventbrite.co.uk/e/inspirational-journeys-of-leadership-and-impact-in-business-and-society-tickets-1442877217599?aff=ebdssbdestsearch,14806
5699,https://www.eventbrite.co.uk/e/dubai-property-show-manchester-tickets-1422322568089?aff=ebdssbdestsearch,14817
5703,https://www.eventbrite.co.uk/e/empowering-business-growth-a-morning-with-barclays-propel-azets-tickets-1449996692139?aff=ebdssbdestsearch,15110
5704,https://www.eventbrite.co.uk/e/emaar-grand-polo-resort-exclusive-sales-event-for-london-investors-tickets-1451593789099?aff=ebdssbdestsearch,14805
5708,https://www.eventbrite.co.uk/e/co-production-in-housing-round-table-tickets-1443056192919?aff=ebdssbdestsearch,14816
5710,https://www.eventbrite.co.uk/e/richard-kendall-rental-seminar-tickets-1448973050399?aff=ebdssbdestsearch,14812
5714,https://www.eventbrite.com/e/meet-the-accountants-business-workshop-tickets-1450471331799?aff=ebdssbdestsearch,14807
5717,https://www.eventbrite.co.uk/e/the-future-of-igaming-innovations-opportunities-seminarmeetup-tickets-1443697089859?aff=ebdssbdestsearch,14818
5718,https://www.eventbrite.ie/e/matterport-3d-capture-training-course-tickets-1401169097489?aff=ebdssbdestsearch,14814
5735,https://www.architecture.com/whats-on/leeds-society-of-architects-sketch-the-skyline-rooftop-drawing-social,15103
5753,https://nla.london/events/adapt-stories-of-reuse-and-resilience-in-the-city-research-launch,15104
5799,https://www.bco.org.uk/product/bco-research-launch-redefining-the-market-beyond-grade-a,15105
5809,https://www.eventbrite.co.uk/e/lwsa-social-with-riba-president-muyiwa-oki-tickets-1427744033839?aff=ebdssbdestsearch,15111
5816,https://www.eventbrite.co.uk/e/national-urban-design-conference-2025-urban-design-quality-for-everyone-tickets-1418445381319?aff=ebdssbdestsearch,15114
5854,https://www.eventbrite.co.uk/e/property-breakfast-run-hosted-by-barr-gazetas-tickets-1465092544239?aff=ebdssbdestsearch,15107
5870,https://www.eventbrite.co.uk/e/cardiff-showroom-open-morning-tickets-1405469971519?aff=ebdssbdestsearch,15112
5895,https://www.eventbrite.co.uk/e/deliver-sessions-this-meetup-has-potential-tickets-1430949992949?aff=ebdssbdestsearch,15108
5897,https://www.eventbrite.co.uk/e/peterborough-public-speaking-workshop-tickets-1461354934949?aff=ebdssbdestsearch,15113
5934,https://www.eventbrite.co.uk/e/july-vcs-forum-cabinet-in-the-community-vcs-action-plan-and-priorities-tickets-1410478833159?aff=ebdssbdestsearch,15106
5951,https://www.eventbrite.co.uk/e/dubai-luxury-property-show-ireland-featuring-uaes-top-developers-tickets-1370644537709?aff=ebdssbdestsearch,15109
